{"stats":{"minecraft:killed_by":{"minecraft:enderman":2},"minecraft:custom":{"minecraft:time_since_rest":4528,"minecraft:crouch_one_cm":214,"minecraft:sprint_one_cm":19462,"minecraft:play_time":12015,"minecraft:walk_one_cm":15700,"minecraft:damage_taken":765,"minecraft:deaths":2,"minecraft:sneak_time":177,"minecraft:walk_under_water_one_cm":3477,"minecraft:jump":301,"minecraft:damage_dealt":788,"minecraft:leave_game":1,"minecraft:time_since_death":4501,"minecraft:walk_on_water_one_cm":4219,"minecraft:total_world_time":12015,"minecraft:fly_one_cm":77433,"minecraft:swim_one_cm":1793,"minecraft:fall_one_cm":5643},"minecraft:used":{"minecraft:stone":5,"minecraft:gravel":11},"minecraft:mined":{"minecraft:short_grass":6,"minecraft:gravel":10,"minecraft:tall_grass":2},"minecraft:picked_up":{"minecraft:gravel":10,"minecraft:flint":1}},"DataVersion":3839}