{"stats":{"minecraft:killed":{"minecraft:skeleton":5,"minecraft:piglin":3,"minecraft:zombie":6,"minecraft:chicken":1,"minecraft:ghast":1,"minecraft:spider":6,"minecraft:cod":49,"minecraft:dolphin":1,"minecraft:creeper":7,"minecraft:squid":1},"minecraft:custom":{"minecraft:time_since_rest":30114,"minecraft:sprint_one_cm":49900,"minecraft:damage_taken":765,"minecraft:walk_one_cm":52241,"minecraft:mob_kills":80,"minecraft:damage_dealt":1253,"minecraft:swim_one_cm":1793,"minecraft:fly_one_cm":429121,"minecraft:open_chest":1,"minecraft:crouch_one_cm":6526,"minecraft:play_time":37601,"minecraft:deaths":2,"minecraft:sneak_time":3407,"minecraft:walk_under_water_one_cm":7322,"minecraft:jump":712,"minecraft:leave_game":5,"minecraft:walk_on_water_one_cm":11132,"minecraft:time_since_death":30087,"minecraft:total_world_time":37601,"minecraft:fall_one_cm":5643},"minecraft:killed_by":{"minecraft:enderman":2},"minecraft:used":{"minecraft:flint_and_steel":148,"minecraft:grass_block":129,"minecraft:stone":162,"minecraft:gravel":71,"minecraft:bow":27,"minecraft:tnt":239,"minecraft:obsidian":14},"minecraft:picked_up":{"minecraft:andesite":10,"minecraft:gravel":10,"minecraft:flint":1,"minecraft:grass_block":1,"minecraft:gunpowder":1,"minecraft:dirt":237,"minecraft:raw_copper":16,"minecraft:arrow":2,"minecraft:bone":2,"minecraft:bow":1,"minecraft:wheat_seeds":3,"minecraft:coal":2,"minecraft:cobblestone":167},"minecraft:mined":{"minecraft:short_grass":6,"minecraft:gravel":10,"minecraft:tall_grass":2}},"DataVersion":3839}