{"stats":{"minecraft:killed":{"minecraft:skeleton":5,"minecraft:spider":6,"minecraft:zombie":6,"minecraft:cod":47,"minecraft:dolphin":1,"minecraft:creeper":7,"minecraft:squid":1},"minecraft:custom":{"minecraft:time_since_rest":18435,"minecraft:crouch_one_cm":3897,"minecraft:sprint_one_cm":42799,"minecraft:play_time":25922,"minecraft:damage_taken":765,"minecraft:deaths":2,"minecraft:walk_one_cm":43727,"minecraft:sneak_time":1790,"minecraft:walk_under_water_one_cm":5396,"minecraft:mob_kills":73,"minecraft:jump":526,"minecraft:damage_dealt":1253,"minecraft:leave_game":4,"minecraft:time_since_death":18408,"minecraft:walk_on_water_one_cm":9602,"minecraft:total_world_time":25922,"minecraft:swim_one_cm":1793,"minecraft:fall_one_cm":5643,"minecraft:fly_one_cm":208803},"minecraft:used":{"minecraft:bow":4,"minecraft:flint_and_steel":55,"minecraft:tnt":109,"minecraft:grass_block":129,"minecraft:stone":103,"minecraft:gravel":71},"minecraft:mined":{"minecraft:short_grass":6,"minecraft:gravel":10,"minecraft:tall_grass":2},"minecraft:picked_up":{"minecraft:arrow":2,"minecraft:wheat_seeds":3,"minecraft:bow":1,"minecraft:gravel":10,"minecraft:flint":1,"minecraft:grass_block":1,"minecraft:gunpowder":1,"minecraft:dirt":189,"minecraft:cobblestone":15},"minecraft:killed_by":{"minecraft:enderman":2}},"DataVersion":3839}