{"stats":{"minecraft:killed":{"minecraft:skeleton":1,"minecraft:creeper":1},"minecraft:custom":{"minecraft:time_since_rest":12560,"minecraft:crouch_one_cm":3428,"minecraft:sprint_one_cm":34253,"minecraft:play_time":20047,"minecraft:damage_taken":765,"minecraft:deaths":2,"minecraft:walk_one_cm":39180,"minecraft:sneak_time":1052,"minecraft:walk_under_water_one_cm":5083,"minecraft:mob_kills":2,"minecraft:jump":414,"minecraft:damage_dealt":1253,"minecraft:leave_game":3,"minecraft:walk_on_water_one_cm":7376,"minecraft:time_since_death":12533,"minecraft:total_world_time":20047,"minecraft:swim_one_cm":1793,"minecraft:fall_one_cm":5643,"minecraft:fly_one_cm":96189},"minecraft:killed_by":{"minecraft:enderman":2},"minecraft:used":{"minecraft:bow":4,"minecraft:stone":103,"minecraft:gravel":71},"minecraft:picked_up":{"minecraft:arrow":2,"minecraft:bow":1,"minecraft:gravel":10,"minecraft:flint":1,"minecraft:grass_block":1,"minecraft:gunpowder":1},"minecraft:mined":{"minecraft:short_grass":6,"minecraft:gravel":10,"minecraft:tall_grass":2}},"DataVersion":3839}