{"stats":{"minecraft:killed_by":{"minecraft:enderman":2},"minecraft:killed":{"minecraft:skeleton":6,"minecraft:piglin":3,"minecraft:zombie":6,"minecraft:chicken":1,"minecraft:ghast":1,"minecraft:spider":6,"minecraft:cod":49,"minecraft:dolphin":2,"minecraft:creeper":7,"minecraft:squid":1},"minecraft:custom":{"minecraft:time_since_rest":3312,"minecraft:sprint_one_cm":52469,"minecraft:damage_taken":765,"minecraft:walk_one_cm":55552,"minecraft:mob_kills":82,"minecraft:damage_dealt":1283,"minecraft:swim_one_cm":1793,"minecraft:fly_one_cm":462330,"minecraft:open_chest":1,"minecraft:crouch_one_cm":6702,"minecraft:play_time":41319,"minecraft:deaths":3,"minecraft:sneak_time":3559,"minecraft:walk_under_water_one_cm":7322,"minecraft:jump":775,"minecraft:leave_game":6,"minecraft:walk_on_water_one_cm":11297,"minecraft:time_since_death":3274,"minecraft:total_world_time":41319,"minecraft:fall_one_cm":5643},"minecraft:used":{"minecraft:flint_and_steel":149,"minecraft:grass_block":129,"minecraft:stone":162,"minecraft:gravel":71,"minecraft:dirt":2,"minecraft:bow":27,"minecraft:tnt":239,"minecraft:obsidian":14},"minecraft:mined":{"minecraft:short_grass":6,"minecraft:gravel":10,"minecraft:tall_grass":2},"minecraft:picked_up":{"minecraft:andesite":10,"minecraft:gravel":10,"minecraft:flint":1,"minecraft:diorite":5,"minecraft:gunpowder":1,"minecraft:grass_block":1,"minecraft:dirt":323,"minecraft:raw_copper":16,"minecraft:arrow":2,"minecraft:bone":2,"minecraft:bow":1,"minecraft:wheat_seeds":4,"minecraft:coal":2,"minecraft:cobblestone":200}},"DataVersion":3839}